name,psi_est,psi_var
psi1,0.9394908519661301,1.934524569769357e-5
psi2,-0.514895666329956,6.467387843486839e-5
